first,playerid,updated_salary,old_salary,increase in %
1986,bernato01,578333.333333333333,400000.000000000000,44.58333333333333325000
1986,gedmari01,670454.500000000000,477500.000000000000,40.40931937172774869100
1986,puckeki01,3588333.416666666667,130000.000000000000,2660.2564743589743600
1986,clemero02,6043050.000000000000,140000.000000000000,4216.4642857142857100
1986,scottmi03,1287500.166666666667,360000.000000000000,257.6389351851851900
1986,davisgl01,1781562.500000000000,60000.000000000000,2869.2708333333333300
1986,gaettga01,1463037.000000000000,415000.000000000000,252.5390361445783100
1986,barrema02,692000.000000000000,272500.000000000000,153.9449541284403700
1986,leonade01,883333.000000000000,871429.000000000000,1.36603211506617291800
1986,higuete01,1931875.000000000000,60000.000000000000,3119.7916666666666700
1986,fernato01,1418055.666666666667,127500.000000000000,1012.2005228758169900
1986,davisjo02,927333.200000000000,550000.000000000000,68.60603636363636363600
1986,barfije01,1383333.285714285714,325000.000000000000,325.6410109890109900
1987,langsma01,2751666.666666666667,201250.000000000000,1267.2877846790890300
1987,violafr01,2696666.666666666667,524500.000000000000,414.1404512233873500
1987,bedrost01,1028125.000000000000,600000.000000000000,71.35416666666666666700
1987,keyji01,2827952.181818181818,341875.000000000000,727.1889380089745700
1987,samueju01,918000.000000000000,376250.000000000000,143.9867109634551500
1987,molitpa01,3000555.500000000000,1055000.000000000000,184.4128436018957300
1987,smithza01,1473500.000000000000,200000.000000000000,636.7500000000000000
1987,mcgwima01,4975223.600000000000,60000.000000000000,8192.0393333333333300
1987,lavalmi01,958650.000000000000,70000.000000000000,1269.5000000000000000
1987,pendlte01,1471250.000000000000,151250.000000000000,872.7272727272727300
1987,leonaje01,918750.000000000000,900000.000000000000,2.08333333333333333300
1987,daviser01,2273977.142857142857,90000.000000000000,2426.6412698412698400
1988,francju01,1481419.312500000000,601666.666666666667,146.2192763157894700
1988,larkiba01,4607647.058823529412,68750.000000000000,6602.0320855614973300
1988,oestero01,650000.000000000000,650000.000000000000,0.000000000000000000000000
1988,steinte01,2086666.666666666667,62500.000000000000,3238.6666666666666700
1988,greenmi01,2408888.888888888889,60000.000000000000,3914.8148148148148200
1988,vanslan01,2469375.000000000000,351666.666666666667,602.1919431279620800
1988,stewada01,2329166.750000000000,371666.666666666667,526.6816367713004500
1988,clarkwi02,4157066.384615384615,90000.000000000000,4518.9626495726495700
1988,learyti01,1272500.000000000000,130000.000000000000,878.8461538461538500
1988,whitede03,2612857.142857142857,65000.000000000000,3919.7802197802197800
1988,eckerde01,2065509.416666666667,788888.666666666667,161.8252110775242500
1988,francjo01,2605138.833333333333,190000.000000000000,1271.1257017543859600
1988,mcreyke01,2353571.571428571429,350000.000000000000,572.4490204081632700
1988,jacksda02,2404000.000000000000,165000.000000000000,1356.9696969696969700
1988,reynoha01,1102142.714285714286,85000.000000000000,1196.6384873949579800
1988,bonilbo01,3722857.142857142857,115000.000000000000,3137.2670807453416100
1988,hershor01,2736153.923076923077,670666.666666666667,307.9752370393026500
1988,galaran01,3708111.133333333333,78750.000000000000,4608.7125502645502600
1988,whitter01,916666.666666666667,481666.666666666667,90.31141868512110720400
1989,jacksbo01,1023166.666666666667,356500.000000000000,187.0032725572697500
1989,sierrru01,3080357.142857142857,145000.000000000000,2024.3842364532019700
1989,davisma01,2075000.000000000000,370000.000000000000,460.8108108108108100
1989,draveda01,750000.000000000000,466250.000000000000,60.85790884718498659500
1989,finlech01,4661111.642857142857,82833.333333333333,5527.0965507329692700
1989,dunstsh01,1717567.214285714286,154166.666666666667,1014.0976525096525100
1989,russeje01,1603333.375000000000,135000.000000000000,1087.6543518518518500
1989,tettlmi01,1711272.888888888889,107500.000000000000,1491.8817571059431500
1989,mcgrifr01,4378054.533333333333,95000.000000000000,4508.4784561403508800
1989,johnsho01,1424687.500000000000,333750.000000000000,326.8726591760299600
1989,mitchke01,2172555.555555555556,140833.333333333333,1442.6429980276134200
1989,darliro01,2171428.571428571429,680000.000000000000,219.3277310924369700
1990,fieldce01,4668250.000000000000,101750.000000000000,4487.9606879606879600
1990,drabedo01,3387573.555555555556,157500.000000000000,2050.8403527336860700
1990,bondsba01,10416962.333333333333,185000.000000000000,5530.7904504504504500
1990,myersra01,3604545.454545454545,158666.666666666667,2171.7723453017570600
1990,griffke02,7220746.761904761905,68000.000000000000,10518.7452380952381000
1990,welchbo01,2986666.800000000000,874166.600000000000,241.6587639015263200
1990,sciosmi01,1474999.750000000000,842000.000000000000,75.17811757719714964400
1990,hatchbi01,931666.666666666667,231250.000000000000,302.8828828828828800
1990,willima04,5626071.428571428571,95000.000000000000,5822.1804511278195500
1990,grubeke01,3037500.000000000000,194125.000000000000,1464.7134578235672900
1990,maddugr01,8078289.473684210526,178750.000000000000,4419.3227824806772200
1990,rijojo01,3676944.333333333333,223333.333333333333,1546.3929850746268700
1990,breamsi01,1282000.000000000000,290500.000000000000,341.3080895008605900
1990,burksel01,3700000.000000000000,154166.666666666667,2299.9999999999999900
1990,dibblro01,1083428.571428571429,85000.000000000000,1174.6218487394958000
1990,thigpbo01,1905400.200000000000,305625.000000000000,523.4438282208589000
1991,harvebr01,2520000.000000000000,188333.333333333333,1238.0530973451327500
1991,gantro01,3178857.285714285714,95000.000000000000,3246.1655639097744400
1991,alomaro01,5433129.642857142857,270000.000000000000,1912.2702380952381000
1991,wegmabi01,1988000.000000000000,263000.000000000000,655.8935361216730000
1991,cartejo01,5282464.250000000000,814444.500000000000,548.5972033699042700
1991,glavito02,6795225.947368421053,132500.000000000000,5028.4724131082423000
1991,hrbekke01,2975000.000000000000,1333333.333333333333,123.1250000000000000
1991,pagnoto01,1947187.500000000000,81250.000000000000,2296.5384615384615400
1991,venturo01,4788214.285714285714,100000.000000000000,4688.2142857142857100
1991,abbotji01,1815357.142857142857,126500.000000000000,1335.0649350649350600
1992,frymatr01,4263636.363636363636,125000.000000000000,3310.9090909090909100
1992,gonzaju03,6209821.428571428571,100000.000000000000,6109.8214285714285700
1992,bordepa01,928333.333333333333,260875.000000000000,255.8536974924133500
1992,sheffga01,9300197.222222222222,201666.666666666667,4511.6680440771349800
1992,martied01,3770874.461538461538,229000.000000000000,1546.6700705408129000
1992,jonesdo01,1237182.181818181818,697000.000000000000,77.50103038998304418900
1992,gracema01,3686458.333333333333,555000.000000000000,564.2267267267267300
1992,smoltjo01,7496913.666666666667,217000.000000000000,3354.7989247311828000
1992,devermi01,1453571.428571428571,145000.000000000000,902.4630541871921200
1992,lindjo01,2250000.000000000000,232500.000000000000,867.7419354838709700
1992,walkela01,7869887.928571428571,185000.000000000000,4153.9934749034749000
1992,mcdowja01,3487500.000000000000,118750.000000000000,2836.8421052631578900
1992,daultda01,3784722.333333333333,486611.000000000000,677.7716355226933500
1993,grissma02,3959615.384615384615,157166.666666666667,2419.3735214944122600
1993,schilcu01,7107812.500000000000,144333.333333333333,4824.5814087759815400
1993,olerujo01,5621875.000000000000,260389.000000000000,2059.0293752808298400
1993,stanlmi02,1925000.000000000000,122800.000000000000,1467.5895765472312700
1993,bellja01,5015909.090909090909,317500.000000000000,1479.8138869005010700
1993,thompro01,2784999.800000000000,709785.714285714286,292.3719150649089300
1993,belleal01,8807844.909090909091,122500.000000000000,7090.0774768089053800
1993,vizquom01,3123383.400000000000,185750.000000000000,1581.4984656796769900
1993,loftoke01,4024749.066666666667,105000.000000000000,3733.0943492063492100
1993,montgje01,2637500.000000000000,1206666.666666666667,118.5773480662983400
1993,dykstle01,5019444.500000000000,915476.142857142857,448.2878542672486000
1993,manwaki01,1537857.142857142857,184500.000000000000,733.5269066976384000
1993,baergca01,2432499.800000000000,276666.666666666667,779.2167951807228900
1994,cordewi01,1515000.090909090909,126500.000000000000,1097.6285303629177100
1994,lewisda01,1461111.111111111111,158750.000000000000,820.3849518810148700
1994,coneda01,6687500.125000000000,1680937.500000000000,297.8434727644543600
1994,mondera01,5530083.333333333333,109000.000000000000,4973.4709480122324200
1994,beckro01,3278791.375000000000,185000.000000000000,1672.3196621621621600
1994,aloumo01,5704198.266666666667,140166.666666666667,3969.5825921521997500
1994,portuma01,2549206.428571428571,734916.666666666667,246.8701342879821200
1995,johnsch04,3812350.000000000000,109000.000000000000,3397.5688073394495400
1995,coninje01,2481538.461538461538,177500.000000000000,1298.0498374864572000
1995,edmonji01,5746427.133333333333,113250.000000000000,4974.1078440029433400
1995,thomeji01,7891203.722222222222,167500.000000000000,4611.1664013266998300
1995,vaughmo01,9917500.100000000000,307500.000000000000,3125.2032845528455300
1995,finlest01,4655641.846153846154,1271333.333333333333,266.2015086119962900
1995,ramirma02,12153398.176470588235,110000.000000000000,10948.5437967914438500
1995,sandere02,3123076.923076923077,436333.333333333333,615.7548334018922300
1995,valenjo02,4001250.000000000000,216333.333333333333,1749.5762711864406800
1995,henketo01,2325000.000000000000,1596731.555555555556,45.60994876756574398200
1995,castivi02,3709583.333333333333,140500.000000000000,2540.2728351126927600
1995,bicheda01,5528571.428571428571,820000.000000000000,574.2160278745644600
1995,schoupe01,1643254.000000000000,170000.000000000000,866.6200000000000000
1995,caminke01,3860714.285714285714,1504500.000000000000,156.6111190238807400
1995,johnsra05,11175834.600000000000,1318750.000000000000,747.4566521327014200
1995,sosasa01,9989583.333333333333,698833.333333333333,1329.4657762938230400
1995,mussimi01,10218294.214285714286,369375.000000000000,2666.3740681653372000
1995,mesajo01,2566666.846153846154,245900.000000000000,943.7848093346263300
1995,snowjt01,3106250.000000000000,155000.000000000000,1904.0322580645161300
1996,brantje01,1900000.000000000000,903571.428571428571,110.2766798418972300
1996,leiteal01,6594560.000000000000,307785.714285714286,2042.5815734509166800
1996,younger01,2625000.000000000000,192500.000000000000,1263.6363636363636400
1996,rodrial01,19876579.300000000000,442333.000000000000,4393.5782091772488100
1996,hollato01,1226000.000000000000,109000.000000000000,1024.7706422018348600
1996,butlebr01,1866652.000000000000,1812727.181818181818,2.97478951729134992500
1996,hoffmtr01,5313666.666666666667,201333.333333333333,2539.2384105960264900
1996,wettejo01,5445000.000000000000,1046916.666666666667,420.0987025392024200
1996,hentgpa01,3960764.111111111111,438300.000000000000,803.6650949375110900
1996,pettian01,8576463.500000000000,109000.000000000000,7768.3151376146789000
1996,buhneja01,3992355.833333333333,1651083.250000000000,141.8022127795999000
1996,lopezja01,5540000.000000000000,123500.000000000000,4385.8299595141700400
1996,willibe02,9281818.272727272727,200000.000000000000,4540.9091363636363600
1997,martipe02,12112965.416666666667,226000.000000000000,5259.7192109144542800
1997,palmera01,7004076.333333333333,2625930.900000000000,166.7273664106444400
1997,neaglde01,6226250.000000000000,702000.000000000000,786.9301994301994300
1997,garcino01,6027568.769230769231,109000.000000000000,5429.8796047988708500
1997,rolensc01,7415185.687500000000,109000.000000000000,6702.9226490825688100
1997,blausje01,4073333.333333333333,1428150.000000000000,185.2174724877172100
1997,martiti02,5288888.888888888889,849000.000000000000,522.9551105876194200
1997,riverma01,9949513.235294117647,120062.500000000000,8186.9449122699574400
1997,shawje01,3294999.800000000000,221250.000000000000,1389.2654463276836200
1997,ordonre01,3023214.285714285714,109000.000000000000,2673.5910878112713000
1998,easleda01,2422500.000000000000,298500.000000000000,711.5577889447236200
1998,brosisc01,4600000.000000000000,693833.333333333333,562.9834254143646400
1998,boonebr01,5712500.000000000000,624000.000000000000,815.4647435897435900
1998,brownke01,13741875.250000000000,2328388.888888888889,490.1881475030421600
1998,gordoto01,3479166.666666666667,1574222.222222222222,121.0086109542631300
1998,jonesan01,7111460.666666666667,130750.000000000000,5338.9756532823454400
1998,palmede01,6970833.333333333333,1388214.285714285714,402.1438984649687000
1998,vaughgr01,6997678.000000000000,2265055.555555555556,208.9406784233891700
1998,wellsda01,4213333.300000000000,1643533.400000000000,156.3582401185153900
1998,hitchst01,4797786.500000000000,356200.000000000000,1246.9361313868613100
1999,moyerja01,5876923.076923076923,630625.000000000000,831.9204086300221100
1999,delgaca01,13011363.636363636364,793500.000000000000,1539.7433694220083600
1999,jonesch06,11737152.357142857143,872000.000000000000,1246.0037106815203100
1999,urbinug01,4133333.333333333333,240250.000000000000,1620.4301075268817200
1999,liebemi01,5738888.777777777778,351600.000000000000,1532.2209265579572700
1999,hamptmi01,10930206.363636363636,719666.666666666667,1418.7873594677670600
1999,wagnebi02,7683333.333333333333,170750.000000000000,4399.7559785261103000
1999,caseyse01,4112000.000000000000,175000.000000000000,2249.7142857142857100
1999,alfoned01,5621875.000000000000,563500.000000000000,897.6708074534161500
1999,perezed02,597142.857142857143,154500.000000000000,286.5002311604253400
1999,guerrvl01,9627804.230769230769,190000.000000000000,4967.2653846153846200
1999,greensh01,10889507.333333333333,435083.333333333333,2402.8555449147672900
1999,limajo01,4656488.800000000000,158600.000000000000,2835.9954602774274900
1999,reesepo01,1652857.142857142857,185000.000000000000,793.4362934362934400
1999,hernaor01,3377500.000000000000,750000.000000000000,350.3333333333333300
2000,posadjo01,9725000.000000000000,252833.333333333333,3746.4073829927488500
2000,glaustr01,7142000.000000000000,188750.000000000000,3683.8410596026490100
2000,giambja01,9336190.214285714286,570466.600000000000,1536.5884022457606300
2000,rogerke01,6055555.555555555556,2560500.000000000000,136.4989476881685400
2000,renteed01,6880699.250000000000,788166.666666666667,773.0005392260520200
2000,heltoto01,11625000.000000000000,363333.333333333333,3099.5412844036697300
2000,dyeje01,7410000.100000000000,193500.000000000000,3729.4574160206718300
2000,alfonan01,1895000.000000000000,191666.666666666667,888.6956521739130400
2000,mathemi01,2392857.142857142857,329833.333333333333,625.4746264347072800
2000,jonesto02,3425235.000000000000,922214.285714285714,271.4142204321896100
2000,erstada01,4770000.000000000000,508333.333333333333,838.3606557377049200
2000,kentje01,7896013.000000000000,1898312.500000000000,315.9490600204128700
2000,stottto01,8000000.000000000000,2687136.363636363636,197.7147013549402000
2000,perezne01,2514062.500000000000,217250.000000000000,1057.2209436133486800
2000,ordonma01,11070062.166666666667,210000.000000000000,5171.4581746031746000
2001,gonzalu01,6416240.750000000000,1406333.300000000000,356.2389833192458700
2001,camermi01,6659090.909090909091,522333.333333333333,1174.8738179497592400
2001,benitar01,6166656.000000000000,1034142.857142857143,496.3060091172813900
2001,hunteto01,11408666.666666666667,212500.000000000000,5268.7843137254902000
2001,vinafe01,3999999.800000000000,844250.000000000000,373.7932839798637800
2001,chaveer01,5975000.000000000000,220500.000000000000,2609.7505668934240400
2001,cabreor01,4641818.181818181818,220166.666666666667,2008.3201431422476100
2001,aurilri01,3200000.000000000000,526583.333333333333,507.6910903623991100
2001,counscr01,2040000.100000000000,193333.333333333333,955.1724655172413800
2001,nenro01,8200000.000000000000,2075444.444444444444,295.0960972214786700
2001,ausmubr01,2955555.555555555556,1208062.500000000000,144.6525370629049000
2001,mientdo01,1612500.000000000000,200000.000000000000,706.2500000000000000
2002,kennead01,2029500.000000000000,227500.000000000000,792.0879120879120900
2002,kochbi01,4352777.666666666667,422222.000000000000,930.9215689060889000
2002,lowede01,9750000.000000000000,791750.000000000000,1131.4493211240922000
2002,zitoba01,11399583.333333333333,240000.000000000000,4649.8263888888888900
2002,molinbe01,3616666.666666666667,253333.333333333333,1327.6315789473684200
2002,graveda01,4275000.000000000000,619000.000000000000,590.6300484652665600
2002,anderga01,7111111.111111111111,1565375.000000000000,354.2752446609349900
2002,tejadmi01,8508696.181818181818,573400.000000000000,1383.9023686463519000
2002,soriaal01,12256153.846153846154,630000.000000000000,1845.4212454212454200
2003,hallaro01,13256818.181818181818,1055555.333333333333,1155.9093553110604500
2003,castilu01,5531855.000000000000,943285.714285714286,486.4453278812660900
2003,vidrojo01,7083333.333333333333,1239583.333333333333,471.4285714285714300
2003,lowelmi01,9150000.000000000000,814000.000000000000,1024.0786240786240800
2003,foulkke01,5090000.000000000000,1344166.666666666667,278.6732796032238100
2003,gilesma01,2039300.000000000000,210000.000000000000,871.0952380952381000
2003,gagneer01,6591666.666666666667,260000.000000000000,2435.2564102564102600
2003,wolfra02,6748448.200000000000,313750.000000000000,2050.8998247011952200
2003,leede02,9750000.111111111111,747400.000000000000,1204.5223589926560200
2003,muellbi02,2817360.750000000000,1418333.333333333333,98.63883078730904822500
2003,wellsve01,10617987.000000000000,210500.000000000000,4944.1743467933491700
2003,cruzjo02,2201666.666666666667,1261666.666666666667,74.50462351387054159200
2003,beckejo02,9734114.500000000000,2156250.000000000000,351.4371942028985500
2004,santajo01,14321642.222222222222,249166.666666666667,5647.8162764771460300
2004,izturce01,2231500.000000000000,275000.000000000000,711.4545454545454500
2004,schmija01,12127291.333333333333,2133944.444444444444,468.3039858373903300
2004,beltrad01,13384615.384615384615,1523333.333333333333,778.6399596027604800
2004,abreubo01,11144444.444444444444,3439952.285714285714,223.9709018850639800
2004,teixema01,16425000.000000000000,750000.000000000000,2090.0000000000000000
2004,ortizda01,12089423.076923076923,570000.000000000000,2020.9514170040485800
2004,loretma01,2500000.000000000000,1600611.111111111111,56.19034396584637813000
2004,konerpa01,10522864.181818181818,2173333.333333333333,384.1808672615727800
2004,nathajo01,7107500.000000000000,241666.666666666667,2841.0344827586206900
2004,wilsoja02,4477777.777777777778,255666.666666666667,1651.4124293785310700
2004,drewjd01,11875000.000000000000,2618337.600000000000,353.5320426212418100
2004,morame01,4713802.125000000000,638750.000000000000,637.9729354207436400
2005,oswalro01,12557142.857142857143,1350000.000000000000,830.1587301587301600
2005,marquja01,5405555.555555555556,332000.000000000000,1528.1793842034805900
2005,loducpa01,5628968.250000000000,1536000.200000000000,266.4692393920261200
2005,colonba01,7415000.000000000000,3610000.000000000000,105.4016620498615000
2005,youngmi02,10261599.666666666667,371666.666666666667,2660.9685201793721900
2005,barremi01,3219999.800000000000,1008416.666666666667,219.3124336831666800
2005,cordech01,2805375.000000000000,300000.000000000000,835.1250000000000000
2005,ensbemo01,2587500.000000000000,293333.333333333333,782.1022727272727300
2005,roberbr01,6396500.000000000000,345000.000000000000,1754.0579710144927500
2005,damonjo01,10500000.000000000000,3693900.000000000000,184.2524161455372400
2005,cabremi01,15660420.750000000000,242787.000000000000,6350.2715343078500900
2005,varitja01,7063147.142857142857,2526071.428571428571,179.6099533437014000
2005,leeca01,14562500.000000000000,2379166.666666666667,512.0840630472854600
2005,hudsoor01,3834984.625000000000,317500.000000000000,1107.8691732283464600
2005,lopezfe01,2735833.333333333333,277500.000000000000,885.8858858858858900
2005,carpech01,9091936.285714285714,1023749.875000000000,788.1013329270771100
2006,credejo01,3803750.000000000000,351666.666666666667,981.6350710900473900
2006,eckstda01,2853333.200000000000,1077666.600000000000,164.7695678793422800
2006,morneju01,9663500.000000000000,345000.000000000000,2701.0144927536231900
2006,mauerjo01,15581818.181818181818,312500.000000000000,4886.1818181818181800
2006,utleych01,11136363.454545454545,322500.000000000000,3353.1359548978153600
2006,grudzma01,3275000.000000000000,2155818.181818181818,51.91448089736020917200
2006,berkmla01,12812500.000000000000,3584166.666666666667,257.4750058126017200
2006,polanpl01,4768749.750000000000,1983571.428571428571,140.4123028447965400
2006,rodrifr03,7640847.900000000000,375833.333333333333,1933.0415698447893600
2006,suppaje01,8800000.000000000000,1412500.000000000000,523.0088495575221200
2006,reyesjo01,10377409.090909090909,319750.000000000000,3145.4758689316937900
2006,zambrca01,15771428.571428571429,1516666.666666666667,939.8744113029827300
2006,webbbr01,5083333.333333333333,525000.000000000000,868.2539682539682500
2006,wrighda03,11266442.909090909091,322500.000000000000,3393.4706694855532100
2006,hollima01,13101415.727272727273,366000.000000000000,3479.6217834078489800
2007,valvejo01,5512293.142857142857,338000.000000000000,1530.8559594251901900
2007,borowjo01,4000000.000000000000,648755.555555555556,516.5650476125231200
2007,rowanaa01,10150000.000000000000,1227000.000000000000,727.2208638956805200
2007,timlimi01,2900000.000000000000,2042368.375000000000,41.99201454047191658100
2007,sabatcc01,20189285.600000000000,3350000.000000000000,502.6652417910447800
2007,youklke01,7935642.857142857143,338862.500000000000,2241.8474623609449700
2007,putzjj01,4762500.000000000000,387500.000000000000,1129.0322580645161300
2007,papeljo01,8973713.200000000000,335400.000000000000,2575.5257006559332100
2007,fieldpr01,15258500.000000000000,329500.000000000000,4530.8042488619119900
2007,sizemgr01,3754166.375000000000,409150.000000000000,817.5525785164365100
2007,francje02,3023611.111111111111,384500.000000000000,686.3748013292876800
2007,rolliji01,8750000.000000000000,2046666.666666666667,327.5244299674267100
2007,peavyja01,12490727.100000000000,976250.000000000000,1179.4598822023047400
2007,penaca01,6433570.857142857143,854250.000000000000,653.1250637568460200
2007,youngdm01,3500000.000000000000,3845818.181818181818,-8.99205748865355521500
2007,sweenmi01,3162500.000000000000,5011916.666666666667,-36.90038741000615200900
2008,ramirar01,13625000.000000000000,4320555.555555555556,215.3529638678153500
2008,ludwiry01,4119428.571428571429,311100.000000000000,1224.1493318638931000
2008,quentca01,5032142.857142857143,381000.000000000000,1220.7724034495688000
2008,mclouna01,3382142.857142857143,360500.000000000000,838.1810976817911600
2008,lidgebr01,8670000.000000000000,2097000.000000000000,313.4477825464949900
2008,phillbr01,9462962.888888888889,354200.000000000000,2571.6439550787376900
2008,huffau01,7800000.000000000000,3765000.200000000000,107.1713037359201200
2008,hamelco01,13888888.888888888889,400000.000000000000,3372.2222222222222200
2008,victosh01,8075625.000000000000,346666.666666666667,2229.5072115384615400
2008,hamiljo03,12145619.888888888889,380000.000000000000,3096.2157602339181300
2008,leecl02,14500000.000000000000,871060.000000000000,1564.6384864418065300
2008,lestejo01,9796833.333333333333,384000.000000000000,2451.2586805555555600
2008,gonzaad01,13638476.111111111111,381166.666666666667,3478.0873050575717800
2008,molinya01,8905555.555555555556,416166.666666666667,2039.9012147910826300
2009,buehrma01,13500000.000000000000,5247500.000000000000,157.2653644592663200
2009,jonesad01,7724542.500000000000,390000.000000000000,1880.6519230769230800
2009,crawfca02,17084803.375000000000,2185833.333333333333,681.6150991231414400
2009,frankry01,2933333.333333333333,1390937.500000000000,110.8889388152475100
2009,hillaa01,7198750.000000000000,380333.333333333333,1792.7475898334794100
2009,greinza01,17724878.750000000000,625750.000000000000,2732.5815021973631600
2009,wainwad01,11726562.500000000000,474833.333333333333,2369.6165321165321200
2009,bellhe01,6459166.666666666667,402750.000000000000,1503.7657769501344900
2009,teahema01,4025000.000000000000,853500.000000000000,371.5875805506737000
2009,kempma01,13227125.000000000000,394500.000000000000,3252.8833967046894800
2009,ethiean01,11787500.000000000000,406000.000000000000,2803.3251231527093600
2009,bournmi01,6868500.000000000000,388000.000000000000,1670.2319587628866000
2009,matsuhi01,7750000.000000000000,10000000.000000000000,-22.50000000000000000000
2009,zimmery01,10850000.000000000000,396000.000000000000,2639.8989898989899000
2010,wakefti01,2750000.000000000000,3155937.500000000000,-12.86265966927418556300
2010,hudsoti01,9833333.333333333333,5640909.090909090909,74.32178350792371742900
2010,tulowtr01,11892857.142857142857,710333.333333333333,1574.2642622511228800
2010,soriara01,10198418.200000000000,1887500.000000000000,440.3135470198675500
2010,gutiefr01,4250000.000000000000,413766.666666666667,927.1489567389027600
2010,hernafe02,18961183.714285714286,1275000.000000000000,1387.1516638655462200
2010,gallayo01,7382682.285714285714,409000.000000000000,1705.0567935731749900
2010,ramiral03,5496428.571428571429,1168333.000000000000,370.4505112351163100
2010,rossco01,5850000.000000000000,830625.000000000000,604.2889390519187400
2010,ugglada01,9458054.333333333333,1621500.000000000000,483.2904306711892300
2010,arroybr01,10680773.400000000000,3461785.714285714286,208.5336378830083600
2010,bautijo02,11485714.285714285714,1224375.000000000000,838.0879457449135900
2010,vottojo01,12036709.285714285714,413750.000000000000,2809.1744497194648300
2010,liriafr01,6247619.000000000000,389000.000000000000,1506.0717223650385600
2011,butlebi03,7805444.500000000000,430000.000000000000,1715.2196511627907000
2011,cruzne02,9441666.666666666667,410023.333333333333,2202.7144796637589800
2011,parrage01,3727583.333333333333,405500.000000000000,819.2560624743115500
2011,grandcu01,13041666.666666666667,2149000.000000000000,506.8714130603381400
2011,aybarer01,7054166.666666666667,826875.000000000000,753.1116150163769200
2011,avilaal01,2655833.333333333333,404900.000000000000,555.9232732361900100
2011,gordoal01,8279166.666666666667,598250.000000000000,1283.8974787574871200
2011,ellsbja01,13813095.166666666667,450666.666666666667,2965.0359097633136100
2011,cabreas01,6470833.333333333333,418200.000000000000,1447.3059142356129400
2011,wietema01,6375375.000000000000,400000.000000000000,1493.8437500000000000
2011,freesda01,3091500.000000000000,400000.000000000000,672.8750000000000000
2011,markani01,12550000.000000000000,2326400.000000000000,439.4601100412654700
2011,uptonju01,12041666.500000000000,504444.333333333333,2287.1150302015485000
2011,kershcl01,14928500.000000000000,422000.000000000000,3437.5592417061611400
2012,dickera01,9150000.000000000000,873000.000000000000,948.1099656357388300
2012,youngde03,3250000.000000000000,2381400.000000000000,36.47434282354917275600
2012,rodnefe01,3970000.000000000000,2175937.500000000000,82.45009335056728421700
2012,sandopa01,10470000.000000000000,455583.333333333333,2198.1525516736784400
2012,scutama01,6444444.666666666667,2020625.000000000000,218.9332343540571200
2012,barneda01,1387400.000000000000,417000.000000000000,232.7098321342925700
2012,strasst01,6110000.000000000000,4375000.000000000000,39.65714285714285714300
2012,hardyjj01,9108551.400000000000,2760142.857142857143,230.0028973655607900
2012,mccutan01,7174999.800000000000,437500.000000000000,1539.9999542857142900
2012,heywaja01,7214057.600000000000,448250.000000000000,1509.3826213050752900
2012,pierzaj01,5350000.000000000000,3356818.181818181818,59.37711577522004063200
2012,desmoia01,5962500.000000000000,420750.000000000000,1317.1122994652406400
2012,priceda01,15586390.800000000000,1959671.000000000000,695.3575268501702600
2012,cabreme01,9800000.000000000000,1328720.000000000000,637.5519296766813200
2012,headlch01,9715000.000000000000,1054733.333333333333,821.0858984893496000
2012,bruceja01,9424999.800000000000,1216388.666666666667,674.8345621985955100
2012,willijo03,7000000.000000000000,2443666.666666666667,186.4547810667030400
2012,larocad01,10500000.000000000000,3475937.500000000000,202.0767778477029600
2013,goldspa01,2633333.250000000000,482000.000000000000,446.3346991701244800
2013,alvarpe01,4107926.000000000000,2125000.000000000000,93.31416470588235294100
2013,carpema01,2938500.000000000000,480000.000000000000,512.1875000000000000
2013,perezsa02,1562500.000000000000,750000.000000000000,108.3333333333333300
2013,davisch02,11729722.500000000000,436246.666666666667,2588.7821492427831300
2013,gomezca01,7075000.000000000000,1079000.000000000000,555.6997219647822100
2013,ueharko01,6812500.000000000000,4250000.000000000000,60.29411764705882352900
2013,cuddymi01,9833333.333333333333,4983249.800000000000,97.32772242991578172500
2013,hosmeer01,4507062.500000000000,502500.000000000000,796.9278606965174100
2013,scherma01,15383714.250000000000,1825000.000000000000,742.9432465753424700
2014,rizzoan01,3845238.000000000000,498000.000000000000,672.1361445783132500
2014,seageky01,4346700.000000000000,497350.000000000000,773.9720518749371700
2014,walkene01,8100000.000000000000,1412333.333333333333,473.5189992919518500
2014,cainlo01,3257000.000000000000,492012.500000000000,561.9750514468636500
2014,bumgama01,6805555.666666666667,642222.333333333333,959.6884152788208900
2014,mcgehca01,2950000.000000000000,960750.000000000000,207.0517824616185300
2014,youngch03,2058333.333333333333,2317857.142857142857,-11.19671289162814587400
2014,brantmi02,4916666.666666666667,461200.000000000000,966.0595547846198300
2014,stantmi03,7333333.333333333333,477666.666666666667,1435.2407536636427100
2014,altuvjo01,2479166.666666666667,494350.000000000000,401.5002865715923300
2014,hollagr01,6462500.000000000000,518325.000000000000,1146.8046110066078200
2015,martijd02,4875000.000000000000,483000.000000000000,909.3167701863354000
2015,cespeyo01,18914023.000000000000,9333333.333333333333,102.6502464285714300
2015,polloaj01,2009750.000000000000,499000.000000000000,302.7555110220440900
2015,escobal02,4125000.000000000000,1470600.000000000000,180.4977560179518600
2015,donaljo02,7975000.000000000000,490833.333333333333,1524.7877758913412600
2015,crawfbr01,4587500.000000000000,523666.666666666667,776.0343730108211300
2015,calhoko01,1968750.000000000000,498500.000000000000,294.9348044132397200
2015,murphda08,8000000.000000000000,1729866.000000000000,362.4635665421483500
2015,gordode01,2871101.000000000000,500000.000000000000,474.2202000000000000
2015,moralke01,7750000.000000000000,3485000.000000000000,122.3816355810616900
2015,bogaexa01,596500.000000000000,517000.000000000000,15.37717601547388781400
2015,millean01,9000000.000000000000,1813369.833333333333,396.3135392771046200
2015,melanma01,7525000.000000000000,1014500.000000000000,641.7447018235584000
2015,martest01,2333333.000000000000,500000.000000000000,366.6666000000000000
2015,arrieja01,7165000.000000000000,481000.000000000000,1389.6049896049896000
2015,harvema01,2469562.500000000000,498750.000000000000,395.1503759398496200
2016,bettsmo01,566000.000000000000,514500.000000000000,10.00971817298347910600
2016,gardnbr01,13500000.000000000000,3592285.714285714286,275.8052970651395800
2016,inciaen01,523000.000000000000,513000.000000000000,1.94931773879142300200
2016,porceri01,20125000.000000000000,4964428.571428571429,305.3840177261086000
2016,trumbma01,9150000.000000000000,2630800.000000000000,247.8029496731032400
2016,blackch02,3500000.000000000000,499500.000000000000,600.7007007007007000
2016,ramoswi01,5350000.000000000000,1410500.000000000000,279.2981212336051000
2016,bradlja02,546500.000000000000,515000.000000000000,6.11650485436893203900
2016,kinslia01,14000000.000000000000,6721770.800000000000,108.2784494823893700
2016,freemfr01,12359375.000000000000,3026800.000000000000,308.3314061054579100
2016,morelmi01,5700000.000000000000,1403960.000000000000,305.9944727770021900
2016,zobribe01,10500000.000000000000,3466122.222222222222,202.9321912736295100
2016,janseke01,10650000.000000000000,2628800.000000000000,305.1278149726110800
2016,panikjo01,545000.000000000000,522500.000000000000,4.30622009569377990400
2016,brittza01,6750000.000000000000,1402500.000000000000,381.2834224598930500
